{"cameraMode":{"drawMode":0,"name":"Shaded","section":"Shading Mode"},"sceneLighting":true,"audioPlay":false,"sceneViewState":{"showFog":true,"showMaterialUpdate":false,"showSkybox":true,"showFlares":true,"showImageEffects":true,"showParticleSystems":true},"in2DMode":false,"pivot":{"x":3.807441473007202,"y":21.511287689208986,"z":0.6246562600135803},"rotation":{"x":0.7102743983268738,"y":0.0031676185317337515,"z":-0.003196257632225752,"w":0.7039103507995606},"size":68.51673889160156,"orthographic":true}