{"cameraMode":{"drawMode":0,"name":"Shaded","section":"Shading Mode"},"sceneLighting":true,"audioPlay":false,"sceneViewState":{"showFog":true,"showMaterialUpdate":false,"showSkybox":true,"showFlares":true,"showImageEffects":true,"showParticleSystems":true},"in2DMode":false,"pivot":{"x":-0.06676530838012696,"y":5.147166728973389,"z":-3.77126407623291},"rotation":{"x":-0.3447989523410797,"y":0.17344504594802857,"z":-0.06498848646879196,"w":-0.9202214479446411},"size":40.925254821777347,"orthographic":false}